<?xml version="1.0" encoding="UTF-8"?>
<jcr:root xmlns:sling="http://sling.apache.org/jcr/sling/1.0" xmlns:granite="http://www.adobe.com/jcr/granite/1.0"
          xmlns:cq="http://www.day.com/jcr/cq/1.0" xmlns:jcr="http://www.jcp.org/jcr/1.0"
          xmlns:nt="http://www.jcp.org/jcr/nt/1.0"
          jcr:primaryType="nt:unstructured"
          jcr:title="logo"
          sling:resourceType="cq/gui/components/authoring/dialog">
    <content
            jcr:primaryType="nt:unstructured"
            sling:resourceType="granite/ui/components/coral/foundation/container">
        <items jcr:primaryType="nt:unstructured">
            <tabs
                    jcr:primaryType="nt:unstructured"
                    sling:resourceType="granite/ui/components/coral/foundation/tabs"
                    maximized="{Boolean}false">
                <items jcr:primaryType="nt:unstructured">
                    <!-- This allows the Core Components' Image component's asset definition tab -->
                    <asset
                            jcr:primaryType="nt:unstructured"
                            jcr:title="Select Logo"
                            sling:resourceType="granite/ui/components/coral/foundation/container"
                    />
                    <metadata
                            jcr:primaryType="nt:unstructured"
                            jcr:title="logo information"
                            sling:resourceType="granite/ui/components/coral/foundation/container"

                    >
                        <items jcr:primaryType="nt:unstructured">
                            <columns
                                    jcr:primaryType="nt:unstructured"
                                    sling:resourceType="granite/ui/components/coral/foundation/fixedcolumns"
                            >
                                <items jcr:primaryType="nt:unstructured">
                                    <column
                                            jcr:primaryType="nt:unstructured"
                                            sling:resourceType="granite/ui/components/coral/foundation/container">
                                        <items jcr:primaryType="nt:unstructured"
                                               sling:hideChildren="[decorative,captionGroup]"
                                        />
                                    </column>
                                </items>
                            </columns>
                        </items>

                    </metadata>

                </items>
            </tabs>
        </items>
    </content>
</jcr:root>


