<?xml version="1.0" encoding="UTF-8"?>
<jcr:root xmlns:sling="http://sling.apache.org/jcr/sling/1.0" xmlns:cq="http://www.day.com/jcr/cq/1.0" xmlns:jcr="http://www.jcp.org/jcr/1.0" xmlns:nt="http://www.jcp.org/jcr/nt/1.0"
    jcr:primaryType="nt:unstructured"
    jcr:title="image"
    sling:resourceType="cq/gui/components/authoring/dialog">
    <content
        jcr:primaryType="nt:unstructured"
        sling:resourceType="granite/ui/components/coral/foundation/container">
        <items jcr:primaryType="nt:unstructured">
            <tabs
                jcr:primaryType="nt:unstructured"
                sling:resourceType="granite/ui/components/coral/foundation/tabs"
                maximized="{Boolean}false">
                <items jcr:primaryType="nt:unstructured">
                    <properties
                        jcr:primaryType="nt:unstructured"
                        jcr:title="Properties"
                        sling:resourceType="granite/ui/components/coral/foundation/container">
                        <items jcr:primaryType="nt:unstructured">
                            <columns
                                jcr:primaryType="nt:unstructured"
                                sling:resourceType="granite/ui/components/coral/foundation/fixedcolumns">
                                <items jcr:primaryType="nt:unstructured">
                                    <column
                                        jcr:primaryType="nt:unstructured"
                                        sling:resourceType="granite/ui/components/coral/foundation/container">
                                        <items jcr:primaryType="nt:unstructured">
                                            <firstname
                                                jcr:primaryType="nt:unstructured"
                                                jcr:title="firstname"
                                                sling:resourceType="granite/ui/components/coral/foundation/form/textfield"
                                                fieldLabel="firstname"
                                                name="./firstname"/>
                                            <lastname
                                                jcr:primaryType="nt:unstructured"
                                                jcr:title="lastname"
                                                sling:resourceType="granite/ui/components/coral/foundation/form/textfield"
                                                fieldLabel="lastame"
                                                name="./lastname"/>
                                            <optionGender
                                                jcr:primaryType="nt:unstructured"
                                                sling:resourceType="granite/ui/components/coral/foundation/form/select"
                                                fieldDescription="Select the Gender"
                                                fieldLabel="Gender"
                                                name="./gender">
                                                <items jcr:primaryType="nt:unstructured">
                                                    <male
                                                        jcr:primaryType="nt:unstructured"
                                                        text="Male"
                                                        value="male"/>
                                                    <female
                                                        jcr:primaryType="nt:unstructured"
                                                        text="Female"
                                                        value="female"/>
                                                </items>
                                            </optionGender>
                                            <optionMarital
                                                jcr:primaryType="nt:unstructured"
                                                sling:resourceType="granite/ui/components/coral/foundation/form/select"
                                                fieldDescription="Select the Marital status"
                                                fieldLabel="Marital"
                                                name="./marital">
                                                <items jcr:primaryType="nt:unstructured">
                                                    <married
                                                        jcr:primaryType="nt:unstructured"
                                                        text="Married"
                                                        value="married"/>
                                                    <single
                                                        jcr:primaryType="nt:unstructured"
                                                        text="Single"
                                                        value="single"/>
                                                </items>
                                            </optionMarital>
                                            <date
                                                jcr:primaryType="nt:unstructured"
                                                sling:resourceType="granite/ui/components/coral/foundation/form/datepicker"
                                                fieldLabel="Date"
                                                name="./date"
                                                required="{Boolean}true"/>
                                        </items>
                                    </column>
                                </items>
                            </columns>
                        </items>
                    </properties>
                </items>
            </tabs>
        </items>
    </content>
</jcr:root>
