<?xml version="1.0" encoding="UTF-8"?>
<jcr:root xmlns:sling="http://sling.apache.org/jcr/sling/1.0" xmlns:granite="http://www.adobe.com/jcr/granite/1.0" xmlns:cq="http://www.day.com/jcr/cq/1.0" xmlns:jcr="http://www.jcp.org/jcr/1.0" xmlns:nt="http://www.jcp.org/jcr/nt/1.0"
    jcr:primaryType="nt:unstructured"
    jcr:title="Text-"
    sling:resourceType="cq/gui/components/authoring/dialog">
    <content
        jcr:primaryType="nt:unstructured"
        sling:resourceType="granite/ui/components/coral/foundation/container">
        <items jcr:primaryType="nt:unstructured">
            <tabs
                jcr:primaryType="nt:unstructured"
                sling:resourceType="granite/ui/components/coral/foundation/tabs"
                maximized="{Boolean}true">
                <items jcr:primaryType="nt:unstructured">
                    <option
                        jcr:primaryType="nt:unstructured"
                        jcr:title="Color Options"
                        sling:resourceType="granite/ui/components/coral/foundation/container"
                        margin="{Boolean}true">
                        <items jcr:primaryType="nt:unstructured">
                            <columns
                                jcr:primaryType="nt:unstructured"
                                sling:resourceType="granite/ui/components/coral/foundation/fixedcolumns"
                                margin="{Boolean}true">
                                <items jcr:primaryType="nt:unstructured">
                                    <column
                                        granite:class="cq-RichText-FixedColumn-column"
                                        jcr:primaryType="nt:unstructured"
                                        sling:resourceType="granite/ui/components/coral/foundation/container">
                                        <items jcr:primaryType="nt:unstructured">
                                            <color
                                                jcr:primaryType="nt:unstructured"
                                                sling:resourceType="granite/ui/components/foundation/form/select"
                                                fieldLabel="Color"
                                                name="./color">
                                                <items jcr:primaryType="nt:unstructured">
                                                    <select
                                                        jcr:primaryType="nt:unstructured"
                                                        text="Select color"
                                                        value=""/>
                                                    <black
                                                        jcr:primaryType="nt:unstructured"
                                                        text="Black"
                                                        value="black-text"/>
                                                    <blue
                                                        jcr:primaryType="nt:unstructured"
                                                        text="Blue"
                                                        value="blue-text"/>
                                                    <green
                                                        jcr:primaryType="nt:unstructured"
                                                        text="Green"
                                                        value="green-text"/>
                                                </items>
                                            </color>
                                        </items>
                                    </column>
                                </items>
                            </columns>
                        </items>
                    </option>
                </items>
            </tabs>
        </items>
    </content>
</jcr:root>
