<?xml version="1.0" encoding="UTF-8"?>
<jcr:root xmlns:sling="http://sling.apache.org/jcr/sling/1.0" xmlns:cq="http://www.day.com/jcr/cq/1.0" xmlns:jcr="http://www.jcp.org/jcr/1.0" xmlns:nt="http://www.jcp.org/jcr/nt/1.0"
    jcr:primaryType="nt:unstructured"
    jcr:title="importantLinks"
    sling:resourceType="cq/gui/components/authoring/dialog">
    <content
        jcr:primaryType="nt:unstructured"
        sling:resourceType="granite/ui/components/coral/foundation/container">
        <items jcr:primaryType="nt:unstructured">
            <tabs
                jcr:primaryType="nt:unstructured"
                sling:resourceType="granite/ui/components/coral/foundation/tabs"
                maximized="{Boolean}false">
                <items jcr:primaryType="nt:unstructured">
                    <importantlinks
                        jcr:primaryType="nt:unstructured"
                        jcr:title="Link Details"
                        sling:resourceType="granite/ui/components/coral/foundation/container"
                        margin="{Boolean}true">
                        <items jcr:primaryType="nt:unstructured">
                            <column
                                jcr:primaryType="nt:unstructured"
                                sling:resourceType="granite/ui/components/coral/foundation/container"
                                margin="{Boolean}true">
                                <items jcr:primaryType="nt:unstructured">
                                    <links
                                        jcr:primaryType="nt:unstructured"
                                        sling:resourceType="granite/ui/components/coral/foundation/form/multifield"
                                        composite="{Boolean}true">
                                        <field
                                            jcr:primaryType="nt:unstructured"
                                            sling:resourceType="granite/ui/components/coral/foundation/container"
                                            name="./links">
                                            <items jcr:primaryType="nt:unstructured">
                                                <link_title
                                                    jcr:primaryType="nt:unstructured"
                                                    sling:resourceType="granite/ui/components/coral/foundation/form/textfield"
                                                    fieldLabel="Link Title"
                                                    name="linkTitle"/>
                                                <link
                                                    jcr:primaryType="nt:unstructured"
                                                    sling:resourceType="granite/ui/components/coral/foundation/form/pathfield"
                                                    fieldLabel="Link"
                                                    name="link"
                                                    rootPath="/"/>
                                                <dropdown
                                                    jcr:primaryType="nt:unstructured"
                                                    sling:resourceType="granite/ui/components/coral/foundation/form/select"
                                                    fieldLabel="Options"
                                                    name="./dropdown">
                                                    <items jcr:primaryType="nt:unstructured">
                                                        <select
                                                            jcr:primaryType="nt:unstructured"
                                                            text="Select"
                                                            value=""/>
                                                        <new
                                                            jcr:primaryType="nt:unstructured"
                                                            text="New tab"
                                                            value="newTab"/>
                                                        <same
                                                            jcr:primaryType="nt:unstructured"
                                                            text="Same tab"
                                                            value="sameTab"/>
                                                    </items>
                                                </dropdown>
                                            </items>
                                        </field>
                                    </links>
                                </items>
                            </column>
                        </items>
                    </importantlinks>
                </items>
            </tabs>
        </items>
    </content>
</jcr:root>
